Workbook

Sheet Match Results
A1: Date | B1: Court | C1: Player1 | D1: Player2 | E1: Score1 | F1: Score2 | G1: Player3 | H1: Player4
A2: 45932 | B2: Power Court | C2: Vivek | D2: Sergio | E2: 3 | F2: 0 | G2: Bassam | H2: Joel
A3: 45932 | B3: Power Court | C3: Ahmad DD | D3: Sergio | E3: 3 | F3: 3 | G3: Vivek | H3: Own
A4: 45932 | B4: Power Court | C4: Ahmad DD | D4: Dana | E4: 2 | F4: 1 | G4: Sergio | H4: Dauren
A5: 45932 | B5: Power Court | C5: Ahmad DD | D5: Bassam | E5: 3 | F5: 0 | G5: Bruno | H5: Dana
A6: 45932 | B6: Power Court | C6: Vivek | D6: Joel | E6: 2 | F6: 1 | G6: Ahmad DD | H6: Own
A7: 45932 | B7: Power Court | C7: Vivek | D7: Dauren | E7: 3 | F7: 1 | G7: Own | H7: Bruno
A8: 45932 | B8: Power Court | C8: Sergio | D8: Natalya | E8: 2 | F8: 1 | G8: Joel | H8: Dana
A9: 45932 | B9: Power Court | C9: Dauren | D9: Dana | E9: 2 | F9: 1 | G9: Bruno | H9: Natalya
A10: 45932 | B10: Power Court | C10: Natalya | D10: Vivek | E10: 2 | F10: 1 | G10: Own | H10: Joel
A11: 45932 | B11: Power Court | C11: Natalya | D11: Bassam | E11: 1 | F11: 2 | G11: Vivek | H11: Joel
A12: 45932 | B12: Rising Court | C12: Bassam | D12: Dana | E12: 2 | F12: 1 | G12: Sergio | H12: Natalya
A13: 45932 | B13: Rising Court
A14: 45932 | B14: Rising Court
A15: 45932 | B15: Rising Court
A16: 45932 | B16: Rising Court
A17: 45932 | B17: Rising Court
A18: 45932 | B18: Rising Court
A19: 45932 | B19: Rising Court
A20: 45932 | B20: Rising Court
A21: 45932 | B21: Rising Court
A22: =A13+7 -> 45939 | B22: Power Court | C22: Tin | D22: Bruno | E22: 1 | F22: 2 | G22: Joel | H22: Hazem
A23: =A22 -> 45939 | B23: Power Court | C23: Tin | D23: Renato | E23: 2 | F23: 1 | G23: Andreas | H23: Julio
A24: =A23 -> 45939 | B24: Power Court | C24: Dana | D24: Dauren | E24: 2 | F24: 1 | G24: Bruno | H24: Natalya
A25: =A24 -> 45939 | B25: Power Court | C25: Joel | D25: Ahmad DD | E25: 3 | F25: 0 | G25: Renato | H25: Hazem
A26: =A25 -> 45939 | B26: Power Court | C26: Bruno | D26: Andreas | E26: 2 | F26: 1 | G26: Tin | H26: Dauren
A27: =A26 -> 45939 | B27: Power Court | C27: Joel | D27: Dana | E27: 1 | F27: 2 | G27: Ahmad DD | H27: Natalya
A28: =A27 -> 45939 | B28: Power Court | C28: Hazem | D28: Tin | E28: 2 | F28: 1 | G28: Andreas | H28: Julio
A29: =A28 -> 45939 | B29: Power Court | C29: Renato | D29: Joel | E29: 3 | F29: 0 | G29: Tin | H29: Hazem
A30: =A29 -> 45939 | B30: Power Court | C30: Ahmad DD | D30: Bruno | E30: 2 | F30: 1 | G30: Andreas | H30: Dauren
A31: =A30 -> 45939 | B31: Power Court | C31: Bruno | D31: Dauren | E31: 2 | F31: 1 | G31: Own | H31: Baobaid
A32: =A31 -> 45939 | B32: Rising Court | C32: Dana | D32: Joel | E32: 2 | F32: 1 | G32: Own | H32: Natalya
A33: =A32 -> 45939 | B33: Rising Court | C33: Andreas | D33: Tin | E33: 2 | F33: 1 | G33: Renato | H33: Joel
A34: =A33 -> 45939 | B34: Rising Court | C34: Bruno | D34: Own | E34: 0 | F34: 2 | G34: Ahmad DD | H34: Baobaid
... A36: =A35 -> 45939 | B36: Rising Court | C36: Hazem | D36: Natalya | E36: 2 | F36: 1 | G36: Dauren | H36: Dana
A37: =A22 -> 45939 | B37: Rising Court | C37: Own | D37: Andreas | E37: 1 | F37: 2 | G37: Julio | H37: Baobaid
A38: =A22 -> 45939 | B38: Rising Court | C38: Ahmad DD | D38: Andreas | E38: 3 | F38: 3 | G38: Baobaid | H38: Julio
A39: =A22 -> 45939 | B39: Rising Court
A40: =A22 -> 45939 | B40: Rising Court
A41: =A22 -> 45939 | B41: Rising Court
A42: =A25+7 -> 45946 | B42: Power Court | C42: Thomas | D42: Own | E42: 2 | F42: 0 | G42: Andreas | H42: Julio
A43: =A42 -> 45946 | B43: Power Court | C43: Ahmad DD | D43: Natalya | E43: 2 | F43: 0 | G43: Joel | H43: Amit
A44: =A43 -> 45946 | B44: Power Court | C44: Bruno | D44: Sharuk | E44: 2 | F44: 1 | G44: Renato | H44: Dauren
A45: =A44 -> 45946 | B45: Power Court | C45: Joel | D45: Natalya | E45: 2 | F45: 0 | G45: Caner | H45: Julio
A46: =A45 -> 45946 | B46: Power Court | C46: Ahmad DD | D46: Andreas | E46: 2 | F46: 1 | G46: Own | H46: Thomas
A47: =A46 -> 45946 | B47: Power Court | C47: Natalya | D47: Natella | E47: 3 | F47: 0 | G47: Dana | H47: Amit
A48: =A47 -> 45946 | B48: Power Court | C48: Dana | D48: Matthias | E48: 3 | F48: 1 | G48: Natella | H48: Roland
A49: =A48 -> 45946 | B49: Power Court | C49: Dana | D49: Andreas | E49: 2 | F49: 1 | G49: Natella | H49: Julio
A50: =A49 -> 45946 | B50: Power Court | C50: Hazem | D50: Own | E50: 2 | F50: 0 | G50: Caner | H50: Sharuk
A51: =A50 -> 45946 | B51: Power Court | C51: Ahmad DD | D51: Renato | E51: 6 | F51: 2 | G51: Joel | H51: Bruno
A52: =A51 -> 45946 | B52: Rising Court | C52: Dana | D52: Caner | E52: 3 | F52: 0 | G52: Natalya | H52: Sharuk
A53: =A52 -> 45946 | B53: Rising Court | C53: Thomas | D53: Andreas | E53: 3 | F53: 0 | G53: Matthias | H53: Natella
A54: =A53 -> 45946 | B54: Rising Court | C54: Dauren | D54: Roland | E54: 2 | F54: 1 | G54: Amit | H54: Julio
... A56: =A55 -> 45946 | B56: Rising Court | C56: Ahmad DD | D56: Renato | E56: 3 | F56: 1 | G56: Andreas | H56: Thomas
A57: =A56 -> 45946 | B57: Rising Court
A58: =A57 -> 45946 | B58: Rising Court
A59: =A58 -> 45946 | B59: Rising Court
A60: =A59 -> 45946 | B60: Rising Court
A61: =A60 -> 45946 | B61: Rising Court
A62: =A42+7 -> 45953 | B62: Power Court | C62: Vivek | D62: Jamil | E62: 1 | F62: 2 | G62: Bruno | H62: Amit
A63: =A62 -> 45953 | B63: Power Court | C63: Sharuk | D63: Caner | E63: 1 | F63: 2 | G63: Tin | H63: Joel
A64: =A63 -> 45953 | B64: Power Court | C64: Sharuk | D64: Caner | E64: 2 | F64: 1 | G64: Amit | H64: Jamil
A65: =A64 -> 45953 | B65: Power Court | C65: Sharuk | D65: Caner | E65: 2 | F65: 1 | G65: Amit | H65: Jamil
A66: =A65 -> 45953 | B66: Power Court | C66: Bruno | D66: Joel | E66: 3 | F66: 0 | G66: Tin | H66: Amit
A67: =A66 -> 45953 | B67: Power Court | C67: Joel | D67: Renato | E67: 2 | F67: 1 | G67: Vivek | H67: Bruno
A68: =A67 -> 45953 | B68: Power Court | C68: Sharuk | D68: Tin | E68: 2 | F68: 1 | G68: Amit | H68: Bruno
A69: =A68 -> 45953 | B69: Power Court | C69: Vivek | D69: Renato | E69: 2 | F69: 1 | G69: Caner | H69: Joel
A70: =A69 -> 45953 | B70: Power Court | C70: Joel | D70: Amit | E70: 2 | F70: 1 | G70: Tin | H70: Jamil
A71: =A70 -> 45953 | B71: Power Court | C71: Vivek | D71: Renato | E71: 2 | F71: 1 | G71: Caner | H71: Bruno
A72: =A71 -> 45953 | B72: Rising Court
A73: =A72 -> 45953 | B73: Rising Court
A74: =A73 -> 45953 | B74: Rising Court
A75: =A74 -> 45953 | B75: Rising Court
A76: =A75 -> 45953 | B76: Rising Court
A77: =A76 -> 45953 | B77: Rising Court
A78: =A77 -> 45953 | B78: Rising Court
A79: =A78 -> 45953 | B79: Rising Court
A80: =A79 -> 45953 | B80: Rising Court
A81: =A80 -> 45953 | B81: Rising Court
A82: =A62+7 -> 45960 | B82: Power Court
A83: =A82 -> 45960 | B83: Power Court
A84: =A83 -> 45960 | B84: Power Court
A85: =A84 -> 45960 | B85: Power Court
A86: =A85 -> 45960 | B86: Power Court
A87: =A86 -> 45960 | B87: Power Court
A88: =A87 -> 45960 | B88: Power Court
A89: =A88 -> 45960 | B89: Power Court
A90: =A89 -> 45960 | B90: Power Court
A91: =A90 -> 45960 | B91: Power Court
A92: =A91 -> 45960 | B92: Rising Court
A93: =A92 -> 45960 | B93: Rising Court
A94: =A93 -> 45960 | B94: Rising Court
... A101: =A100 -> 45960 | B101: Rising Court
A102: =A82+7 -> 45967 | B102: Power Court | C102: Iuliana | D102: Reza | E102: 0 | F102: 3 | G102: Natella | H102: Matthias
A103: =A102 -> 45967 | B103: Power Court | C103: Caner | D103: Joel | E103: 2 | F103: 1 | G103: Ahmad DD | H103: Sergio
A104: =A103 -> 45967 | B104: Power Court | C104: Ahmad DD | D104: Caner | E104: 2 | F104: 1 | G104: Joel | H104: Renato
A105: =A104 -> 45967 | B105: Power Court | C105: Sergio | D105: Jamil | E105: 1 | F105: 2 | G105: Amit | H105: Sharuk
A106: =A105 -> 45967 | B106: Power Court | C106: Andreas | D106: Natella | E106: 1 | F106: 2 | G106: Matthias | H106: Renato
A107: =A106 -> 45967 | B107: Power Court | C107: Bruno | D107: Iuliana | E107: 2 | F107: 1 | G107: Reza | H107: Jamil
A108: =A107 -> 45967 | B108: Power Court | C108: Caner | D108: Matthias | E108: 3 | F108: 0 | G108: Sergio | H108: Natella
...

Sheet Helper Results
A1: Date | B1: Court | C1: MatchID | D1: Player | E1: Result | F1: Points
A2: ='Match Results'!A2 -> 45932 | B2: ='Match Results'!B2 -> Power Court | C2: 1 | D2: ='Match Results'!C2 -> Vivek | E2: =IF('Match Results'!E2>'Match Results'!F2,"Win",IF('Match Results'!E2='Match Results'!F2,"Draw","Loss")) -> Win | F2: =IF(E2="Win",3,IF(E2="Draw",2,1)) -> 3
A3: ='Match Results'!A2 -> 45932 | B3: ='Match Results'!B3 -> Power Court | C3: 1 | D3: ='Match Results'!D2 -> Sergio | E3: =IF('Match Results'!E2>'Match Results'!F2,"Win",IF('Match Results'!E2='Match Results'!F2,"Draw","Loss")) -> Win | F3: =IF(E3="Win",3,IF(E3="Draw",2,1)) -> 3
A4: ='Match Results'!A2 -> 45932 | B4: ='Match Results'!B4 -> Power Court | C4: 1 | D4: ='Match Results'!G2 -> Bassam | E4: =IF('Match Results'!F2>'Match Results'!E2,"Win",IF('Match Results'!E2='Match Results'!F2,"Draw","Loss")) -> Loss | F4: =IF(E4="Win",3,IF(E4="Draw",2,1)) -> 1
A5: ='Match Results'!A2 -> 45932 | B5: ='Match Results'!B5 -> Power Court | C5: 1 | D5: ='Match Results'!H2 -> Joel | E5: =IF('Match Results'!F2>'Match Results'!E2,"Win",IF('Match Results'!E2='Match Results'!F2,"Draw","Loss")) -> Loss | F5: =IF(E5="Win",3,IF(E5="Draw",2,1)) -> 1
A6: ='Match Results'!A3 -> 45932 | B6: ='Match Results'!B6 -> Power Court | C6: 2 | D6: ='Match Results'!C3 -> Ahmad DD | E6: =IF('Match Results'!E3>'Match Results'!F3,"Win",IF('Match Results'!E3='Match Results'!F3,"Draw","Loss")) -> Draw | F6: =IF(E6="Win",3,IF(E6="Draw",2,1)) -> 2
A7: ='Match Results'!A3 -> 45932 | B7: ='Match Results'!B7 -> Power Court | C7: 2 | D7: ='Match Results'!D3 -> Sergio | E7: =IF('Match Results'!E3>'Match Results'!F3,"Win",IF('Match Results'!E3='Match Results'!F3,"Draw","Loss")) -> Draw | F7: =IF(E7="Win",3,IF(E7="Draw",2,1)) -> 2
A8: ='Match Results'!A3 -> 45932 | B8: ='Match Results'!B8 -> Power Court | C8: 2 | D8: ='Match Results'!G3 -> Vivek | E8: =IF('Match Results'!F3>'Match Results'!E3,"Win",IF('Match Results'!E3='Match Results'!F3,"Draw","Loss")) -> Draw | F8: =IF(E8="Win",3,IF(E8="Draw",2,1)) -> 2
A9: ='Match Results'!A3 -> 45932 | B9: ='Match Results'!B9 -> Power Court | C9: 2 | D9: ='Match Results'!H3 -> Own | E9: =IF('Match Results'!F3>'Match Results'!E3,"Win",IF('Match Results'!E3='Match Results'!F3,"Draw","Loss")) -> Draw | F9: =IF(E9="Win",3,IF(E9="Draw",2,1)) -> 2
A10: ='Match Results'!A4 -> 45932 | B10: ='Match Results'!B10 -> Power Court | C10: 3 | D10: ='Match Results'!C4 -> Ahmad DD | E10: =IF('Match Results'!E4>'Match Results'!F4,"Win",IF('Match Results'!E4='Match Results'!F4,"Draw","Loss")) -> Win | F10: =IF(E10="Win",3,IF(E10="Draw",2,1)) -> 3
A11: ='Match Results'!A4 -> 45932 | B11: ='Match Results'!B11 -> Power Court | C11: 3 | D11: ='Match Results'!D4 -> Dana | E11: =IF('Match Results'!E4>'Match Results'!F4,"Win",IF('Match Results'!E4='Match Results'!F4,"Draw","Loss")) -> Win | F11: =IF(E11="Win",3,IF(E11="Draw",2,1)) -> 3
A12: ='Match Results'!A4 -> 45932 | B12: ='Match Results'!B12 -> Rising Court | C12: 3 | D12: ='Match Results'!G4 -> Sergio | E12: =IF('Match Results'!F4>'Match Results'!E4,"Win",IF('Match Results'!E4='Match Results'!F4,"Draw","Loss")) -> Loss | F12: =IF(E12="Win",3,IF(E12="Draw",2,1)) -> 1
A13: ='Match Results'!A4 -> 45932 | B13: ='Match Results'!B13 -> Rising Court | C13: 3 | D13: ='Match Results'!H4 -> Dauren | E13: =IF('Match Results'!F4>'Match Results'!E4,"Win",IF('Match Results'!E4='Match Results'!F4,"Draw","Loss")) -> Loss | F13: =IF(E13="Win",3,IF(E13="Draw",2,1)) -> 1
A14: ='Match Results'!A5 -> 45932 | B14: ='Match Results'!B14 -> Rising Court | C14: 4 | D14: ='Match Results'!C5 -> Ahmad DD | E14: =IF('Match Results'!E5>'Match Results'!F5,"Win",IF('Match Results'!E5='Match Results'!F5,"Draw","Loss")) -> Win | F14: =IF(E14="Win",3,IF(E14="Draw",2,1)) -> 3
A15: ='Match Results'!A5 -> 45932 | B15: ='Match Results'!B15 -> Rising Court | C15: 4 | D15: ='Match Results'!D5 -> Bassam | E15: =IF('Match Results'!E5>'Match Results'!F5,"Win",IF('Match Results'!E5='Match Results'!F5,"Draw","Loss")) -> Win | F15: =IF(E15="Win",3,IF(E15="Draw",2,1)) -> 3
A16: ='Match Results'!A5 -> 45932 | B16: ='Match Results'!B16 -> Rising Court | C16: 4 | D16: ='Match Results'!G5 -> Bruno | E16: =IF('Match Results'!F5>'Match Results'!E5,"Win",IF('Match Results'!E5='Match Results'!F5,"Draw","Loss")) -> Loss | F16: =IF(E16="Win",3,IF(E16="Draw",2,1)) -> 1
A17: ='Match Results'!A5 -> 45932 | B17: ='Match Results'!B17 -> Rising Court | C17: 4 | D17: ='Match Results'!H5 -> Dana | E17: =IF('Match Results'!F5>'Match Results'!E5,"Win",IF('Match Results'!E5='Match Results'!F5,"Draw","Loss")) -> Loss | F17: =IF(E17="Win",3,IF(E17="Draw",2,1)) -> 1
A18: ='Match Results'!A6 -> 45932 | B18: ='Match Results'!B18 -> Rising Court | C18: 5 | D18: ='Match Results'!C6 -> Vivek | E18: =IF('Match Results'!E6>'Match Results'!F6,"Win",IF('Match Results'!E6='Match Results'!F6,"Draw","Loss")) -> Win | F18: =IF(E18="Win",3,IF(E18="Draw",2,1)) -> 3
A19: ='Match Results'!A6 -> 45932 | B19: ='Match Results'!B19 -> Rising Court | C19: 5 | D19: ='Match Results'!D6 -> Joel | E19: =IF('Match Results'!E6>'Match Results'!F6,"Win",IF('Match Results'!E6='Match Results'!F6,"Draw","Loss")) -> Win | F19: =IF(E19="Win",3,IF(E19="Draw",2,1)) -> 3
A20: ='Match Results'!A6 -> 45932 | B20: ='Match Results'!B20 -> Rising Court | C20: 5 | D20: ='Match Results'!G6 -> Ahmad DD | E20: =IF('Match Results'!F6>'Match Results'!E6,"Win",IF('Match Results'!E6='Match Results'!F6,"Draw","Loss")) -> Loss | F20: =IF(E20="Win",3,IF(E20="Draw",2,1)) -> 1
A21: ='Match Results'!A6 -> 45932 | B21: ='Match Results'!B21 -> Rising Court | C21: 5 | D21: ='Match Results'!H6 -> Own | E21: =IF('Match Results'!E12>'Match Results'!F12,"Win",IF('Match Results'!E12='Match Results'!F12,"Draw","Loss")) -> Win | F21: =IF(E21="Win",3,IF(E21="Draw",2,1)) -> 3
A22: ='Match Results'!A6 -> 45932 | B22: ='Match Results'!B22 -> Power Court | C22: 6 | D22: ='Match Results'!C7 -> Vivek | E22: =IF('Match Results'!E7>'Match Results'!F7,"Win",IF('Match Results'!E7='Match Results'!F8,"Draw","Loss")) -> Win | F22: =IF(E22="Win",3,IF(E22="Draw",2,1)) -> 3
A23: ='Match Results'!A6 -> 45932 | B23: ='Match Results'!B23 -> Power Court | C23: 6 | D23: ='Match Results'!D7 -> Dauren | E23: =IF('Match Results'!E7>'Match Results'!F7,"Win",IF('Match Results'!E7='Match Results'!F8,"Draw","Loss")) -> Win | F23: =IF(E23="Win",3,IF(E23="Draw",2,1)) -> 3
A24: ='Match Results'!A6 -> 45932 | B24: ='Match Results'!B24 -> Power Court | C24: 6 | D24: ='Match Results'!G7 -> Own | E24: =IF('Match Results'!E7>'Match Results'!F7,"Win",IF('Match Results'!E7='Match Results'!F8,"Draw","Loss")) -> Win | F24: =IF(E24="Win",3,IF(E24="Draw",2,1)) -> 3
A25: ='Match Results'!A6 -> 45932 | B25: ='Match Results'!B25 -> Power Court | C25: 6 | D25: ='Match Results'!H7 -> Bruno | E25: =IF('Match Results'!E7>'Match Results'!F7,"Win",IF('Match Results'!E7='Match Results'!F8,"Draw","Loss")) -> Win | F25: =IF(E25="Win",3,IF(E25="Draw",2,1)) -> 3
A26: ='Match Results'!A8 -> 45932 | B26: ='Match Results'!B26 -> Power Court | C26: 7 | D26: ='Match Results'!C8 -> Sergio | E26: =IF('Match Results'!E8>'Match Results'!F8,"Win",IF('Match Results'!E8='Match Results'!F8,"Draw","Loss")) -> Win | F26: =IF(E26="Win",3,IF(E26="Draw",2,1)) -> 3
A27: ='Match Results'!A8 -> 45932 | B27: ='Match Results'!B27 -> Power Court | C27: 7 | D27: ='Match Results'!D8 -> Natalya | E27: =IF('Match Results'!E8>'Match Results'!F8,"Win",IF('Match Results'!E8='Match Results'!F8,"Draw","Loss")) -> Win | F27: =IF(E27="Win",3,IF(E27="Draw",2,1)) -> 3
A28: ='Match Results'!A8 -> 45932 | B28: ='Match Results'!B28 -> Power Court | C28: 7 | D28: ='Match Results'!G8 -> Joel | E28: =IF('Match Results'!F8>'Match Results'!E8,"Win",IF('Match Results'!E8='Match Results'!F8,"Draw","Loss")) -> Loss | F28: =IF(E28="Win",3,IF(E28="Draw",2,1)) -> 1
A29: ='Match Results'!A8 -> 45932 | B29: ='Match Results'!B29 -> Power Court | C29: 7 | D29: ='Match Results'!H8 -> Dana | E29: =IF('Match Results'!F8>'Match Results'!E8,"Win",IF('Match Results'!E8='Match Results'!F8,"Draw","Loss")) -> Loss | F29: =IF(E29="Win",3,IF(E29="Draw",2,1)) -> 1
A30: ='Match Results'!A9 -> 45932 | B30: ='Match Results'!B30 -> Power Court | C30: 8 | D30: ='Match Results'!C9 -> Dauren | E30: =IF('Match Results'!E9>'Match Results'!F9,"Win",IF('Match Results'!E9='Match Results'!F9,"Draw","Loss")) -> Win | F30: =IF(E30="Win",3,IF(E30="Draw",2,1)) -> 3
A31: ='Match Results'!A9 -> 45932 | B31: ='Match Results'!B31 -> Power Court | C31: 8 | D31: ='Match Results'!D9 -> Dana | E31: =IF('Match Results'!E9>'Match Results'!F9,"Win",IF('Match Results'!E9='Match Results'!F9,"Draw","Loss")) -> Win | F31: =IF(E31="Win",3,IF(E31="Draw",2,1)) -> 3
A32: ='Match Results'!A9 -> 45932 | B32: ='Match Results'!B32 -> Rising Court | C32: 8 | D32: ='Match Results'!G9 -> Bruno | E32: =IF('Match Results'!F9>'Match Results'!E9,"Win",IF('Match Results'!E9='Match Results'!F9,"Draw","Loss")) -> Loss | F32: =IF(E32="Win",3,IF(E32="Draw",2,1)) -> 1
A33: ='Match Results'!A9 -> 45932 | B33: ='Match Results'!B33 -> Rising Court | C33: 8 | D33: ='Match Results'!H9 -> Natalya | E33: =IF('Match Results'!F9>'Match Results'!E9,"Win",IF('Match Results'!E9='Match Results'!F9,"Draw","Loss")) -> Loss | F33: =IF(E33="Win",3,IF(E33="Draw",2,1)) -> 1
A34: ='Match Results'!A10 -> 45932 | B34: ='Match Results'!B34 -> Rising Court | C34: 9 | D34: ='Match Results'!C10 -> Natalya | E34: =IF('Match Results'!E10>'Match Results'!F10,"Win",IF('Match Results'!E10='Match Results'!F10,"Draw","Loss")) -> Win | F34: =IF(E34="Win",3,IF(E34="Draw",2,1)) -> 3
A35: ='Match Results'!A10 -> 45932 | B35: ='Match Results'!B35 -> Rising Court | C35: 9 | D35: ='Match Results'!D10 -> Vivek | E35: =IF('Match Results'!E10>'Match Results'!F10,"Win",IF('Match Results'!E10='Match Results'!F10,"Draw","Loss")) -> Win | F35: =IF(E35="Win",3,IF(E35="Draw",2,1)) -> 3
A36: ='Match Results'!A10 -> 45932 | B36: ='Match Results'!B36 -> Rising Court | C36: 9 | D36: ='Match Results'!G10 -> Own | E36: =IF('Match Results'!F10>'Match Results'!E10,"Win",IF('Match Results'!E10='Match Results'!F10,"Draw","Loss")) -> Loss | F36: =IF(E36="Win",3,IF(E36="Draw",2,1)) -> 1
A37: ='Match Results'!A10 -> 45932 | B37: ='Match Results'!B37 -> Rising Court | C37: 9 | D37: ='Match Results'!H10 -> Joel | E37: =IF('Match Results'!F10>'Match Results'!E10,"Win",IF('Match Results'!E10='Match Results'!F10,"Draw","Loss")) -> Loss | F37: =IF(E37="Win",3,IF(E37="Draw",2,1)) -> 1
A38: ='Match Results'!A11 -> 45932 | B38: ='Match Results'!B38 -> Rising Court | C38: 10 | D38: ='Match Results'!C11 -> Natalya | E38: =IF('Match Results'!E11>'Match Results'!F11,"Win",IF('Match Results'!E11='Match Results'!F11,"Draw","Loss")) -> Loss | F38: =IF(E38="Win",3,IF(E38="Draw",2,1)) -> 1
A39: ='Match Results'!A11 -> 45932 | B39: ='Match Results'!B39 -> Rising Court | C39: 10 | D39: ='Match Results'!D11 -> Bassam | E39: =IF('Match Results'!E11>'Match Results'!F11,"Win",IF('Match Results'!E11='Match Results'!F11,"Draw","Loss")) -> Loss | F39: =IF(E39="Win",3,IF(E39="Draw",2,1)) -> 1
A40: ='Match Results'!A11 -> 45932 | B40: ='Match Results'!B40 -> Rising Court | C40: 10 | D40: ='Match Results'!G11 -> Vivek | E40: =IF('Match Results'!F11>'Match Results'!E11,"Win",IF('Match Results'!E11='Match Results'!F11,"Draw","Loss")) -> Win | F40: =IF(E40="Win",3,IF(E40="Draw",2,1)) -> 3
A41: ='Match Results'!A11 -> 45932 | B41: ='Match Results'!B41 -> Rising Court | C41: 10 | D41: ='Match Results'!H11 -> Joel | E41: =IF('Match Results'!F11>'Match Results'!E11,"Win",IF('Match Results'!E11='Match Results'!F11,"Draw","Loss")) -> Win | F41: =IF(E41="Win",3,IF(E41="Draw",2,1)) -> 3
A42: ='Match Results'!A12 -> 45932 | B42: ='Match Results'!B42 -> Power Court | C42: 11 | D42: ='Match Results'!C12 -> Bassam | E42: =IF('Match Results'!E12>'Match Results'!F12,"Win",IF('Match Results'!E12='Match Results'!F12,"Draw","Loss")) -> Win | F42: =IF(E42="Win",3,IF(E42="Draw",2,1)) -> 3
A43: ='Match Results'!A12 -> 45932 | B43: ='Match Results'!B43 -> Power Court | C43: 11 | D43: ='Match Results'!D12 -> Dana | E43: =IF('Match Results'!E12>'Match Results'!F12,"Win",IF('Match Results'!E12='Match Results'!F12,"Draw","Loss")) -> Win | F43: =IF(E43="Win",3,IF(E43="Draw",2,1)) -> 3
A44: ='Match Results'!A12 -> 45932 | B44: ='Match Results'!B44 -> Power Court | C44: 11 | D44: ='Match Results'!G12 -> Sergio | E44: =IF('Match Results'!F12>'Match Results'!E12,"Win",IF('Match Results'!E12='Match Results'!F12,"Draw","Loss")) -> Loss | F44: =IF(E44="Win",3,IF(E44="Draw",2,1)) -> 1
A45: ='Match Results'!A12 -> 45932 | B45: ='Match Results'!B45 -> Power Court | C45: 11 | D45: ='Match Results'!H12 -> Natalya | E45: =IF('Match Results'!F12>'Match Results'!E12,"Win",IF('Match Results'!E12='Match Results'!F12,"Draw","Loss")) -> Loss | F45: =IF(E45="Win",3,IF(E45="Draw",2,1)) -> 1
A46: ='Match Results'!A13 -> 45932 | B46: ='Match Results'!B46 -> Power Court | C46: 12 | D46: ='Match Results'!C13 -> 0 | E46: =IF('Match Results'!E13>'Match Results'!F13,"Win",IF('Match Results'!E13='Match Results'!F13,"Draw","Loss")) -> Draw | F46: =IF(E46="Win",3,IF(E46="Draw",2,1)) -> 2
A47: ='Match Results'!A13 -> 45932 | B47: ='Match Results'!B47 -> Power Court | C47: 12 | D47: ='Match Results'!D13 -> 0 | E47: =IF('Match Results'!E13>'Match Results'!F13,"Win",IF('Match Results'!E13='Match Results'!F13,"Draw","Loss")) -> Draw | F47: =IF(E47="Win",3,IF(E47="Draw",2,1)) -> 2
A48: ='Match Results'!A13 -> 45932 | B48: ='Match Results'!B48 -> Power Court | C48: 12 | D48: ='Match Results'!G13 -> 0 | E48: =IF('Match Results'!F13>'Match Results'!E13,"Win",IF('Match Results'!E13='Match Results'!F13,"Draw","Loss")) -> Draw | F48: =IF(E48="Win",3,IF(E48="Draw",2,1)) -> 2
A49: ='Match Results'!A13 -> 45932 | B49: ='Match Results'!B49 -> Power Court | C49: 12 | D49: ='Match Results'!H13 -> 0 | E49: =IF('Match Results'!F13>'Match Results'!E13,"Win",IF('Match Results'!E13='Match Results'!F13,"Draw","Loss")) -> Draw | F49: =IF(E49="Win",3,IF(E49="Draw",2,1)) -> 2
A50: ='Match Results'!A14 -> 45932 | B50: ='Match Results'!B50 -> Power Court | C50: 13 | D50: ='Match Results'!C14 -> 0 | E50: =IF('Match Results'!E14>'Match Results'!F14,"Win",IF('Match Results'!E14='Match Results'!F14,"Draw","Loss")) -> Draw | F50: =IF(E50="Win",3,IF(E50="Draw",2,1)) -> 2
A51: ='Match Results'!A14 -> 45932 | B51: ='Match Results'!B51 -> Power Court | C51: 13 | D51: ='Match Results'!D14 -> 0 | E51: =IF('Match Results'!E14>'Match Results'!F14,"Win",IF('Match Results'!E14='Match Results'!F14,"Draw","Loss")) -> Draw | F51: =IF(E51="Win",3,IF(E51="Draw",2,1)) -> 2
A52: ='Match Results'!A14 -> 45932 | B52: ='Match Results'!B52 -> Rising Court | C52: 13 | D52: ='Match Results'!G14 -> 0 | E52: =IF('Match Results'!F14>'Match Results'!E14,"Win",IF('Match Results'!E14='Match Results'!F14,"Draw","Loss")) -> Draw | F52: =IF(E52="Win",3,IF(E52="Draw",2,1)) -> 2
A53: ='Match Results'!A14 -> 45932 | B53: ='Match Results'!B53 -> Rising Court | C53: 13 | D53: ='Match Results'!H14 -> 0 | E53: =IF('Match Results'!F14>'Match Results'!E14,"Win",IF('Match Results'!E14='Match Results'!F14,"Draw","Loss")) -> Draw | F53: =IF(E53="Win",3,IF(E53="Draw",2,1)) -> 2
A54: ='Match Results'!A15 -> 45932 | B54: ='Match Results'!B54 -> Rising Court | C54: 14 | D54: ='Match Results'!C15 -> 0 | E54: =IF('Match Results'!E15>'Match Results'!F15,"Win",IF('Match Results'!E15='Match Results'!F15,"Draw","Loss")) -> Draw | F54: =IF(E54="Win",3,IF(E54="Draw",2,1)) -> 2
A55: ='Match Results'!A15 -> 45932 | B55: ='Match Results'!B55 -> Rising Court | C55: 14 | D55: ='Match Results'!D15 -> 0 | E55: =IF('Match Results'!E15>'Match Results'!F15,"Win",IF('Match Results'!E15='Match Results'!F15,"Draw","Loss")) -> Draw | F55: =IF(E55="Win",3,IF(E55="Draw",2,1)) -> 2
A56: ='Match Results'!A15 -> 45932 | B56: ='Match Results'!B56 -> Rising Court | C56: 14 | D56: ='Match Results'!G15 -> 0 | E56: =IF('Match Results'!F15>'Match Results'!E15,"Win",IF('Match Results'!E15='Match Results'!F15,"Draw","Loss")) -> Draw | F56: =IF(E56="Win",3,IF(E56="Draw",2,1)) -> 2
A57: ='Match Results'!A15 -> 45932 | B57: ='Match Results'!B57 -> Rising Court | C57: 14 | D57: ='Match Results'!H15 -> 0 | E57: =IF('Match Results'!F15>'Match Results'!E15,"Win",IF('Match Results'!E15='Match Results'!F15,"Draw","Loss")) -> Draw | F57: =IF(E57="Win",3,IF(E57="Draw",2,1)) -> 2
A58: ='Match Results'!A16 -> 45932 | B58: ='Match Results'!B58 -> Rising Court | C58: 15 | D58: ='Match Results'!C16 -> 0 | E58: =IF('Match Results'!E16>'Match Results'!F16,"Win",IF('Match Results'!E16='Match Results'!F16,"Draw","Loss")) -> Draw | F58: =IF(E58="Win",3,IF(E58="Draw",2,1)) -> 2
A59: ='Match Results'!A16 -> 45932 | B59: ='Match Results'!B59 -> Rising Court | C59: 15 | D59: ='Match Results'!D16 -> 0 | E59: =IF('Match Results'!E16>'Match Results'!F16,"Win",IF('Match Results'!E16='Match Results'!F16,"Draw","Loss")) -> Draw | F59: =IF(E59="Win",3,IF(E59="Draw",2,1)) -> 2
A60: ='Match Results'!A16 -> 45932 | B60: ='Match Results'!B60 -> Rising Court | C60: 15 | D60: ='Match Results'!G16 -> 0 | E60: =IF('Match Results'!F16>'Match Results'!E16,"Win",IF('Match Results'!E16='Match Results'!F16,"Draw","Loss")) -> Draw | F60: =IF(E60="Win",3,IF(E60="Draw",2,1)) -> 2
A61: ='Match Results'!A16 -> 45932 | B61: ='Match Results'!B61 -> Rising Court | C61: 15 | D61: ='Match Results'!H16 -> 0 | E61: =IF('Match Results'!F16>'Match Results'!E16,"Win",IF('Match Results'!E16='Match Results'!F16,"Draw","Loss")) -> Draw | F61: =IF(E61="Win",3,IF(E61="Draw",2,1)) -> 2
A62: ='Match Results'!A17 -> 45932 | B62: ='Match Results'!B62 -> Power Court | C62: 16 | D62: ='Match Results'!C17 -> 0 | E62: =IF('Match Results'!E17>'Match Results'!F17,"Win",IF('Match Results'!E17='Match Results'!F17,"Draw","Loss")) -> Draw | F62: =IF(E62="Win",3,IF(E62="Draw",2,1)) -> 2
A63: ='Match Results'!A17 -> 45932 | B63: ='Match Results'!B63 -> Power Court | C63: 16 | D63: ='Match Results'!D17 -> 0 | E63: =IF('Match Results'!E17>'Match Results'!F17,"Win",IF('Match Results'!E17='Match Results'!F17,"Draw","Loss")) -> Draw | F63: =IF(E63="Win",3,IF(E63="Draw",2,1)) -> 2
A64: ='Match Results'!A17 -> 45932 | B64: ='Match Results'!B64 -> Power Court | C64: 16 | D64: ='Match Results'!G17 -> 0 | E64: =IF('Match Results'!F17>'Match Results'!E17,"Win",IF('Match Results'!E17='Match Results'!F17,"Draw","Loss")) -> Draw | F64: =IF(E64="Win",3,IF(E64="Draw",2,1)) -> 2
A65: ='Match Results'!A17 -> 45932 | B65: ='Match Results'!B65 -> Power Court | C65: 16 | D65: ='Match Results'!H17 -> 0 | E65: =IF('Match Results'!F17>'Match Results'!E17,"Win",IF('Match Results'!E17='Match Results'!F17,"Draw","Loss")) -> Draw | F65: =IF(E65="Win",3,IF(E65="Draw",2,1)) -> 2
A66: ='Match Results'!A18 -> 45932 | B66: ='Match Results'!B66 -> Power Court | C66: 17 | D66: ='Match Results'!C18 -> 0 | E66: =IF('Match Results'!E18>'Match Results'!F18,"Win",IF('Match Results'!E18='Match Results'!F18,"Draw","Loss")) -> Draw | F66: =IF(E66="Win",3,IF(E66="Draw",2,1)) -> 2
A67: ='Match Results'!A18 -> 45932 | B67: ='Match Results'!B67 -> Power Court | C67: 17 | D67: ='Match Results'!D18 -> 0 | E67: =IF('Match Results'!E18>'Match Results'!F18,"Win",IF('Match Results'!E18='Match Results'!F18,"Draw","Loss")) -> Draw | F67: =IF(E67="Win",3,IF(E67="Draw",2,1)) -> 2
A68: ='Match Results'!A18 -> 45932 | B68: ='Match Results'!B68 -> Power Court | C68: 17 | D68: ='Match Results'!G18 -> 0 | E68: =IF('Match Results'!F18>'Match Results'!E18,"Win",IF('Match Results'!E18='Match Results'!F18,"Draw","Loss")) -> Draw | F68: =IF(E68="Win",3,IF(E68="Draw",2,1)) -> 2
A69: ='Match Results'!A18 -> 45932 | B69: ='Match Results'!B69 -> Power Court | C69: 17 | D69: ='Match Results'!H18 -> 0 | E69: =IF('Match Results'!F18>'Match Results'!E18,"Win",IF('Match Results'!E18='Match Results'!F18,"Draw","Loss")) -> Draw | F69: =IF(E69="Win",3,IF(E69="Draw",2,1)) -> 2
A70: ='Match Results'!A19 -> 45932 | B70: ='Match Results'!B70 -> Power Court | C70: 18 | D70: ='Match Results'!C19 -> 0 | E70: =IF('Match Results'!E19>'Match Results'!F19,"Win",IF('Match Results'!E19='Match Results'!F19,"Draw","Loss")) -> Draw | F70: =IF(E70="Win",3,IF(E70="Draw",2,1)) -> 2
A71: ='Match Results'!A19 -> 45932 | B71: ='Match Results'!B71 -> Power Court | C71: 18 | D71: ='Match Results'!D19 -> 0 | E71: =IF('Match Results'!E19>'Match Results'!F19,"Win",IF('Match Results'!E19='Match Results'!F19,"Draw","Loss")) -> Draw | F71: =IF(E71="Win",3,IF(E71="Draw",2,1)) -> 2
A72: ='Match Results'!A19 -> 45932 | B72: ='Match Results'!B72 -> Rising Court | C72: 18 | D72: ='Match Results'!G19 -> 0 | E72: =IF('Match Results'!F19>'Match Results'!E19,"Win",IF('Match Results'!E19='Match Results'!F19,"Draw","Loss")) -> Draw | F72: =IF(E72="Win",3,IF(E72="Draw",2,1)) -> 2
A73: ='Match Results'!A19 -> 45932 | B73: ='Match Results'!B73 -> Rising Court | C73: 18 | D73: ='Match Results'!H19 -> 0 | E73: =IF('Match Results'!F19>'Match Results'!E19,"Win",IF('Match Results'!E19='Match Results'!F19,"Draw","Loss")) -> Draw | F73: =IF(E73="Win",3,IF(E73="Draw",2,1)) -> 2
A74: ='Match Results'!A20 -> 45932 | B74: ='Match Results'!B74 -> Rising Court | C74: 19 | D74: ='Match Results'!C20 -> 0 | E74: =IF('Match Results'!E20>'Match Results'!F20,"Win",IF('Match Results'!E20='Match Results'!F20,"Draw","Loss")) -> Draw | F74: =IF(E74="Win",3,IF(E74="Draw",2,1)) -> 2
A75: ='Match Results'!A20 -> 45932 | B75: ='Match Results'!B75 -> Rising Court | C75: 19 | D75: ='Match Results'!D20 -> 0 | E75: =IF('Match Results'!E20>'Match Results'!F20,"Win",IF('Match Results'!E20='Match Results'!F20,"Draw","Loss")) -> Draw | F75: =IF(E75="Win",3,IF(E75="Draw",2,1)) -> 2
A76: ='Match Results'!A20 -> 45932 | B76: ='Match Results'!B76 -> Rising Court | C76: 19 | D76: ='Match Results'!G20 -> 0 | E76: =IF('Match Results'!F20>'Match Results'!E20,"Win",IF('Match Results'!E20='Match Results'!F20,"Draw","Loss")) -> Draw | F76: =IF(E76="Win",3,IF(E76="Draw",2,1)) -> 2
A77: ='Match Results'!A20 -> 45932 | B77: ='Match Results'!B77 -> Rising Court | C77: 19 | D77: ='Match Results'!H20 -> 0 | E77: =IF('Match Results'!F20>'Match Results'!E20,"Win",IF('Match Results'!E20='Match Results'!F20,"Draw","Loss")) -> Draw | F77: =IF(E77="Win",3,IF(E77="Draw",2,1)) -> 2
A78: ='Match Results'!A21 -> 45932 | B78: ='Match Results'!B78 -> Rising Court | C78: 20 | D78: ='Match Results'!C21 -> 0 | E78: =IF('Match Results'!E21>'Match Results'!F21,"Win",IF('Match Results'!E21='Match Results'!F21,"Draw","Loss")) -> Draw | F78: =IF(E78="Win",3,IF(E78="Draw",2,1)) -> 2
A79: ='Match Results'!A21 -> 45932 | B79: ='Match Results'!B79 -> Rising Court | C79: 20 | D79: ='Match Results'!D21 -> 0 | E79: =IF('Match Results'!E21>'Match Results'!F21,"Win",IF('Match Results'!E21='Match Results'!F21,"Draw","Loss")) -> Draw | F79: =IF(E79="Win",3,IF(E79="Draw",2,1)) -> 2
A80: ='Match Results'!A21 -> 45932 | B80: ='Match Results'!B80 -> Rising Court | C80: 20 | D80: ='Match Results'!G21 -> 0 | E80: =IF('Match Results'!F21>'Match Results'!E21,"Win",IF('Match Results'!E21='Match Results'!F21,"Draw","Loss")) -> Draw | F80: =IF(E80="Win",3,IF(E80="Draw",2,1)) -> 2
A81: ='Match Results'!A21 -> 45932 | B81: ='Match Results'!B81 -> Rising Court | C81: 20 | D81: ='Match Results'!H21 -> 0 | E81: =IF('Match Results'!F21>'Match Results'!E21,"Win",IF('Match Results'!E21='Match Results'!F21,"Draw","Loss")) -> Draw | F81: =IF(E81="Win",3,IF(E81="Draw",2,1)) -> 2
A82: ='Match Results'!A22 -> 45939 | B82: ='Match Results'!B82 -> Power Court | C82: 21 | D82: ='Match Results'!C22 -> Tin | E82: =IF('Match Results'!E22>'Match Results'!F22,"Win",IF('Match Results'!E22='Match Results'!F22,"Draw","Loss")) -> Loss | F82: =IF(E82="Win",3,IF(E82="Draw",2,1)) -> 1
A83: ='Match Results'!A22 -> 45939 | B83: ='Match Results'!B83 -> Power Court | C83: 21 | D83: ='Match Results'!D22 -> Bruno | E83: =IF('Match Results'!E22>'Match Results'!F22,"Win",IF('Match Results'!E22='Match Results'!F22,"Draw","Loss")) -> Loss | F83: =IF(E83="Win",3,IF(E83="Draw",2,1)) -> 1
A84: ='Match Results'!A22 -> 45939 | B84: ='Match Results'!B84 -> Power Court | C84: 21 | D84: ='Match Results'!G22 -> Joel | E84: =IF('Match Results'!F22>'Match Results'!E22,"Win",IF('Match Results'!E22='Match Results'!F22,"Draw","Loss")) -> Win | F84: =IF(E84="Win",3,IF(E84="Draw",2,1)) -> 3
A85: ='Match Results'!A22 -> 45939 | B85: ='Match Results'!B85 -> Power Court | C85: 21 | D85: ='Match Results'!H22 -> Hazem | E85: =IF('Match Results'!F22>'Match Results'!E22,"Win",IF('Match Results'!E22='Match Results'!F22,"Draw","Loss")) -> Win | F85: =IF(E85="Win",3,IF(E85="Draw",2,1)) -> 3
A86: ='Match Results'!A23 -> 45939 | B86: ='Match Results'!B86 -> Power Court | C86: 22 | D86: ='Match Results'!C23 -> Tin | E86: =IF('Match Results'!E23>'Match Results'!F23,"Win",IF('Match Results'!E23='Match Results'!F23,"Draw","Loss")) -> Win | F86: =IF(E86="Win",3,IF(E86="Draw",2,1)) -> 3
A87: ='Match Results'!A23 -> 45939 | B87: ='Match Results'!B87 -> Power Court | C87: 22 | D87: ='Match Results'!D23 -> Renato | E87: =IF('Match Results'!E23>'Match Results'!F23,"Win",IF('Match Results'!E23='Match Results'!F23,"Draw","Loss")) -> Win | F87: =IF(E87="Win",3,IF(E87="Draw",2,1)) -> 3
A88: ='Match Results'!A23 -> 45939 | B88: ='Match Results'!B88 -> Power Court | C88: 22 | D88: ='Match Results'!G23 -> Andreas | E88: =IF('Match Results'!F23>'Match Results'!E23,"Win",IF('Match Results'!E23='Match Results'!F23,"Draw","Loss")) -> Loss | F88: =IF(E88="Win",3,IF(E88="Draw",2,1)) -> 1
A89: ='Match Results'!A23 -> 45939 | B89: ='Match Results'!B89 -> Power Court | C89: 22 | D89: ='Match Results'!H23 -> Julio | E89: =IF('Match Results'!F23>'Match Results'!E23,"Win",IF('Match Results'!E23='Match Results'!F23,"Draw","Loss")) -> Loss | F89: =IF(E89="Win",3,IF(E89="Draw",2,1)) -> 1
A90: ='Match Results'!A24 -> 45939 | B90: ='Match Results'!B90 -> Power Court | C90: 23 | D90: ='Match Results'!C24 -> Dana | E90: =IF('Match Results'!E24>'Match Results'!F24,"Win",IF('Match Results'!E24='Match Results'!F24,"Draw","Loss")) -> Win | F90: =IF(E90="Win",3,IF(E90="Draw",2,1)) -> 3
A91: ='Match Results'!A24 -> 45939 | B91: ='Match Results'!B91 -> Power Court | C91: 23 | D91: ='Match Results'!D24 -> Dauren | E91: =IF('Match Results'!E24>'Match Results'!F24,"Win",IF('Match Results'!E24='Match Results'!F24,"Draw","Loss")) -> Win | F91: =IF(E91="Win",3,IF(E91="Draw",2,1)) -> 3
A92: ='Match Results'!A24 -> 45939 | B92: ='Match Results'!B92 -> Rising Court | C92: 23 | D92: ='Match Results'!G24 -> Bruno | E92: =IF('Match Results'!F24>'Match Results'!E24,"Win",IF('Match Results'!E24='Match Results'!F24,"Draw","Loss")) -> Loss | F92: =IF(E92="Win",3,IF(E92="Draw",2,1)) -> 1
A93: ='Match Results'!A24 -> 45939 | B93: ='Match Results'!B93 -> Rising Court | C93: 23 | D93: ='Match Results'!H24 -> Natalya | E93: =IF('Match Results'!F24>'Match Results'!E24,"Win",IF('Match Results'!E24='Match Results'!F24,"Draw","Loss")) -> Loss | F93: =IF(E93="Win",3,IF(E93="Draw",2,1)) -> 1
A94: ='Match Results'!A25 -> 45939 | B94: ='Match Results'!B94 -> Rising Court | C94: 24 | D94: ='Match Results'!C25 -> Joel | E94: =IF('Match Results'!E25>'Match Results'!F25,"Win",IF('Match Results'!E25='Match Results'!F25,"Draw","Loss")) -> Win | F94: =IF(E94="Win",3,IF(E94="Draw",2,1)) -> 3
A95: ='Match Results'!A25 -> 45939 | B95: ='Match Results'!B95 -> Rising Court | C95: 24 | D95: ='Match Results'!D25 -> Ahmad DD | E95: =IF('Match Results'!E25>'Match Results'!F25,"Win",IF('Match Results'!E25='Match Results'!F25,"Draw","Loss")) -> Win | F95: =IF(E95="Win",3,IF(E95="Draw",2,1)) -> 3
A96: ='Match Results'!A25 -> 45939 | B96: ='Match Results'!B96 -> Rising Court | C96: 24 | D96: ='Match Results'!G25 -> Renato | E96: =IF('Match Results'!F25>'Match Results'!E25,"Win",IF('Match Results'!E25='Match Results'!F25,"Draw","Loss")) -> Loss | F96: =IF(E96="Win",3,IF(E96="Draw",2,1)) -> 1
A97: ='Match Results'!A25 -> 45939 | B97: ='Match Results'!B97 -> Rising Court | C97: 24 | D97: ='Match Results'!H25 -> Hazem | E97: =IF('Match Results'!F25>'Match Results'!E25,"Win",IF('Match Results'!E25='Match Results'!F25,"Draw","Loss")) -> Loss | F97: =IF(E97="Win",3,IF(E97="Draw",2,1)) -> 1
A98: ='Match Results'!A26 -> 45939 | B98: ='Match Results'!B98 -> Rising Court | C98: 25 | D98: ='Match Results'!C26 -> Bruno | E98: =IF('Match Results'!E26>'Match Results'!F26,"Win",IF('Match Results'!E26='Match Results'!F26,"Draw","Loss")) -> Win | F98: =IF(E98="Win",3,IF(E98="Draw",2,1)) -> 3
A99: ='Match Results'!A26 -> 45939 | B99: ='Match Results'!B99 -> Rising Court | C99: 25 | D99: ='Match Results'!D26 -> Andreas | E99: =IF('Match Results'!E26>'Match Results'!F26,"Win",IF('Match Results'!E26='Match Results'!F26,"Draw","Loss")) -> Win | F99: =IF(E99="Win",3,IF(E99="Draw",2,1)) -> 3
A100: ='Match Results'!A26 -> 45939 | B100: ='Match Results'!B100 -> Rising Court | C100: 25 | D100: ='Match Results'!G26 -> Tin | E100: =IF('Match Results'!F26>'Match Results'!E26,"Win",IF('Match Results'!E26='Match Results'!F26,"Draw","Loss")) -> Loss | F100: =IF(E100="Win",3,IF(E100="Draw",2,1)) -> 1
...

Sheet Leaderboard
A1: # | B1: Player | C1: Total Games | D1: Wins | E1: Draws | F1: Losses | G1: Base Points | H1: Bonus Points | I1: Total Points | J1: Rank
A2: 1 | B2: Joel | C2: =COUNTIF('Helper Results'!D:D,B2) -> 25 | D2: =COUNTIFS('Helper Results'!D:D,B2,'Helper Results'!E:E,"Win") -> 14 | E2: =COUNTIFS('Helper Results'!D:D,B2,'Helper Results'!E:E,"Draw") -> 0 | F2: =COUNTIFS('Helper Results'!D:D,B2,'Helper Results'!E:E,"Loss") -> 11 | G2: =SUMIF('Helper Results'!D:D,B2,'Helper Results'!F:F) -> 53 | H2: {=_xlfn.LET(_xlpm.dates,IFERROR(_xlfn.UNIQUE(_xlfn._xlws.FILTER('Helper Results'!A:A,('Helper Results'!D:D=$B2)*('Helper Results'!A:A<>""))), ""),_xlpm.counts,IF(_xlpm.dates="", 0, COUNTIFS('Helper Results'!D:D, $B2, 'Helper Results'!A:A, _xlpm.dates, 'Helper Results'!E:E, "Win")),SUMPRODUCT(--(_xlpm.counts=3))+2*SUMPRODUCT(--(_xlpm.counts>=4)))} -> 4 | I2: =G2+H2 -> 57 | J2: =RANK(I2,$I$2:$I$31) -> 1
A3: 2 | B3: Ahmad DD | C3: =COUNTIF('Helper Results'!D:D,B3) -> 18 | D3: =COUNTIFS('Helper Results'!D:D,B3,'Helper Results'!E:E,"Win") -> 12 | E3: =COUNTIFS('Helper Results'!D:D,B3,'Helper Results'!E:E,"Draw") -> 2 | F3: =COUNTIFS('Helper Results'!D:D,B3,'Helper Results'!E:E,"Loss") -> 4 | G3: =SUMIF('Helper Results'!D:D,B3,'Helper Results'!F:F) -> 44 | H3: {=_xlfn.LET(_xlpm.dates,IFERROR(_xlfn.UNIQUE(_xlfn._xlws.FILTER('Helper Results'!A:A,('Helper Results'!D:D=$B3)*('Helper Results'!A:A<>""))), ""),_xlpm.counts,IF(_xlpm.dates="", 0, COUNTIFS('Helper Results'!D:D, $B3, 'Helper Results'!A:A, _xlpm.dates, 'Helper Results'!E:E, "Win")),SUMPRODUCT(--(_xlpm.counts=3))+2*SUMPRODUCT(--(_xlpm.counts>=4)))} -> 4 | I3: =G3+H3 -> 48 | J3: =RANK(I3,$I$2:$I$31) -> 2
A4: 3 | B4: Bruno | C4: =COUNTIF('Helper Results'!D:D,B4) -> 20 | D4: =COUNTIFS('Helper Results'!D:D,B4,'Helper Results'!E:E,"Win") -> 10 | E4: =COUNTIFS('Helper Results'!D:D,B4,'Helper Results'!E:E,"Draw") -> 0 | F4: =COUNTIFS('Helper Results'!D:D,B4,'Helper Results'!E:E,"Loss") -> 10 | G4: =SUMIF('Helper Results'!D:D,B4,'Helper Results'!F:F) -> 40 | H4: {=_xlfn.LET(_xlpm.dates,IFERROR(_xlfn.UNIQUE(_xlfn._xlws.FILTER('Helper Results'!A:A,('Helper Results'!D:D=$B4)*('Helper Results'!A:A<>""))), ""),_xlpm.counts,IF(_xlpm.dates="", 0, COUNTIFS('Helper Results'!D:D, $B4, 'Helper Results'!A:A, _xlpm.dates, 'Helper Results'!E:E, "Win")),SUMPRODUCT(--(_xlpm.counts=3))+2*SUMPRODUCT(--(_xlpm.counts>=4)))} -> 2 | I4: =G4+H4 -> 42 | J4: =RANK(I4,$I$2:$I$31) -> 3
A5: 4 | B5: Andreas | C5: =COUNTIF('Helper Results'!D:D,B5) -> 18 | D5: =COUNTIFS('Helper Results'!D:D,B5,'Helper Results'!E:E,"Win") -> 9 | E5: =COUNTIFS('Helper Results'!D:D,B5,'Helper Results'!E:E,"Draw") -> 1 | F5: =COUNTIFS('Helper Results'!D:D,B5,'Helper Results'!E:E,"Loss") -> 8 | G5: =SUMIF('Helper Results'!D:D,B5,'Helper Results'!F:F) -> 37 | H5: {=_xlfn.LET(_xlpm.dates,IFERROR(_xlfn.UNIQUE(_xlfn._xlws.FILTER('Helper Results'!A:A,('Helper Results'!D:D=$B5)*('Helper Results'!A:A<>""))), ""),_xlpm.counts,IF(_xlpm.dates="", 0, COUNTIFS('Helper Results'!D:D, $B5, 'Helper Results'!A:A, _xlpm.dates, 'Helper Results'!E:E, "Win")),SUMPRODUCT(--(_xlpm.counts=3))+2*SUMPRODUCT(--(_xlpm.counts>=4)))} -> 3 | I5: =G5+H5 -> 40 | J5: =RANK(I5,$I$2:$I$31) -> 4
A6: 5 | B6: Renato | C6: =COUNTIF('Helper Results'!D:D,B6) -> 14 | D6: =COUNTIFS('Helper Results'!D:D,B6,'Helper Results'!E:E,"Win") -> 9 | E6: =COUNTIFS('Helper Results'!D:D,B6,'Helper Results'!E:E,"Draw") -> 0 | F6: =COUNTIFS('Helper Results'!D:D,B6,'Helper Results'!E:E,"Loss") -> 5 | G6: =SUMIF('Helper Results'!D:D,B6,'Helper Results'!F:F) -> 32 | H6: {=_xlfn.LET(_xlpm.dates,IFERROR(_xlfn.UNIQUE(_xlfn._xlws.FILTER('Helper Results'!A:A,('Helper Results'!D:D=$B6)*('Helper Results'!A:A<>""))), ""),_xlpm.counts,IF(_xlpm.dates="", 0, COUNTIFS('Helper Results'!D:D, $B6, 'Helper Results'!A:A, _xlpm.dates, 'Helper Results'!E:E, "Win")),SUMPRODUCT(--(_xlpm.counts=3))+2*SUMPRODUCT(--(_xlpm.counts>=4)))} -> 1 | I6: =G6+H6 -> 33 | J6: =RANK(I6,$I$2:$I$31) -> 5
A7: 6 | B7: Dana | C7: =COUNTIF('Helper Results'!D:D,B7) -> 13 | D7: =COUNTIFS('Helper Results'!D:D,B7,'Helper Results'!E:E,"Win") -> 8 | E7: =COUNTIFS('Helper Results'!D:D,B7,'Helper Results'!E:E,"Draw") -> 0 | F7: =COUNTIFS('Helper Results'!D:D,B7,'Helper Results'!E:E,"Loss") -> 5 | G7: =SUMIF('Helper Results'!D:D,B7,'Helper Results'!F:F) -> 29 | H7: {=_xlfn.LET(_xlpm.dates,IFERROR(_xlfn.UNIQUE(_xlfn._xlws.FILTER('Helper Results'!A:A,('Helper Results'!D:D=$B7)*('Helper Results'!A:A<>""))), ""),_xlpm.counts,IF(_xlpm.dates="", 0, COUNTIFS('Helper Results'!D:D, $B7, 'Helper Results'!A:A, _xlpm.dates, 'Helper Results'!E:E, "Win")),SUMPRODUCT(--(_xlpm.counts=3))+2*SUMPRODUCT(--(_xlpm.counts>=4)))} -> 2 | I7: =G7+H7 -> 31 | J7: =RANK(I7,$I$2:$I$31) -> 6
A8: 7 | B8: Caner | C8: =COUNTIF('Helper Results'!D:D,B8) -> 13 | D8: =COUNTIFS('Helper Results'!D:D,B8,'Helper Results'!E:E,"Win") -> 8 | E8: =COUNTIFS('Helper Results'!D:D,B8,'Helper Results'!E:E,"Draw") -> 0 | F8: =COUNTIFS('Helper Results'!D:D,B8,'Helper Results'!E:E,"Loss") -> 5 | G8: =SUMIF('Helper Results'!D:D,B8,'Helper Results'!F:F) -> 29 | H8: {=_xlfn.LET(_xlpm.dates,IFERROR(_xlfn.UNIQUE(_xlfn._xlws.FILTER('Helper Results'!A:A,('Helper Results'!D:D=$B8)*('Helper Results'!A:A<>""))), ""),_xlpm.counts,IF(_xlpm.dates="", 0, COUNTIFS('Helper Results'!D:D, $B8, 'Helper Results'!A:A, _xlpm.dates, 'Helper Results'!E:E, "Win")),SUMPRODUCT(--(_xlpm.counts=3))+2*SUMPRODUCT(--(_xlpm.counts>=4)))} -> 2 | I8: =G8+H8 -> 31 | J8: =RANK(I8,$I$2:$I$31) -> 6
A9: 8 | B9: Natalya | C9: =COUNTIF('Helper Results'!D:D,B9) -> 13 | D9: =COUNTIFS('Helper Results'!D:D,B9,'Helper Results'!E:E,"Win") -> 7 | E9: =COUNTIFS('Helper Results'!D:D,B9,'Helper Results'!E:E,"Draw") -> 0 | F9: =COUNTIFS('Helper Results'!D:D,B9,'Helper Results'!E:E,"Loss") -> 6 | G9: =SUMIF('Helper Results'!D:D,B9,'Helper Results'!F:F) -> 27 | H9: {=_xlfn.LET(_xlpm.dates,IFERROR(_xlfn.UNIQUE(_xlfn._xlws.FILTER('Helper Results'!A:A,('Helper Results'!D:D=$B9)*('Helper Results'!A:A<>""))), ""),_xlpm.counts,IF(_xlpm.dates="", 0, COUNTIFS('Helper Results'!D:D, $B9, 'Helper Results'!A:A, _xlpm.dates, 'Helper Results'!E:E, "Win")),SUMPRODUCT(--(_xlpm.counts=3))+2*SUMPRODUCT(--(_xlpm.counts>=4)))} -> 1 | I9: =G9+H9 -> 28 | J9: =RANK(I9,$I$2:$I$31) -> 8
A10: 9 | B10: Vivek | C10: =COUNTIF('Helper Results'!D:D,B10) -> 10 | D10: =COUNTIFS('Helper Results'!D:D,B10,'Helper Results'!E:E,"Win") -> 7 | E10: =COUNTIFS('Helper Results'!D:D,B10,'Helper Results'!E:E,"Draw") -> 1 | F10: =COUNTIFS('Helper Results'!D:D,B10,'Helper Results'!E:E,"Loss") -> 2 | G10: =SUMIF('Helper Results'!D:D,B10,'Helper Results'!F:F) -> 25 | H10: {=_xlfn.LET(_xlpm.dates,IFERROR(_xlfn.UNIQUE(_xlfn._xlws.FILTER('Helper Results'!A:A,('Helper Results'!D:D=$B10)*('Helper Results'!A:A<>""))), ""),_xlpm.counts,IF(_xlpm.dates="", 0, COUNTIFS('Helper Results'!D:D, $B10, 'Helper Results'!A:A, _xlpm.dates, 'Helper Results'!E:E, "Win")),SUMPRODUCT(--(_xlpm.counts=3))+2*SUMPRODUCT(--(_xlpm.counts>=4)))} -> 2 | I10: =G10+H10 -> 27 | J10: =RANK(I10,$I$2:$I$31) -> 9
A11: 10 | B11: Sharuk | C11: =COUNTIF('Helper Results'!D:D,B11) -> 12 | D11: =COUNTIFS('Helper Results'!D:D,B11,'Helper Results'!E:E,"Win") -> 6 | E11: =COUNTIFS('Helper Results'!D:D,B11,'Helper Results'!E:E,"Draw") -> 0 | F11: =COUNTIFS('Helper Results'!D:D,B11,'Helper Results'!E:E,"Loss") -> 6 | G11: =SUMIF('Helper Results'!D:D,B11,'Helper Results'!F:F) -> 24 | H11: {=_xlfn.LET(_xlpm.dates,IFERROR(_xlfn.UNIQUE(_xlfn._xlws.FILTER('Helper Results'!A:A,('Helper Results'!D:D=$B11)*('Helper Results'!A:A<>""))), ""),_xlpm.counts,IF(_xlpm.dates="", 0, COUNTIFS('Helper Results'!D:D, $B11, 'Helper Results'!A:A, _xlpm.dates, 'Helper Results'!E:E, "Win")),SUMPRODUCT(--(_xlpm.counts=3))+2*SUMPRODUCT(--(_xlpm.counts>=4)))} -> 1 | I11: =G11+H11 -> 25 | J11: =RANK(I11,$I$2:$I$31) -> 10
A12: 11 | B12: Amit | C12: =COUNTIF('Helper Results'!D:D,B12) -> 14 | D12: =COUNTIFS('Helper Results'!D:D,B12,'Helper Results'!E:E,"Win") -> 5 | E12: =COUNTIFS('Helper Results'!D:D,B12,'Helper Results'!E:E,"Draw") -> 0 | F12: =COUNTIFS('Helper Results'!D:D,B12,'Helper Results'!E:E,"Loss") -> 9 | G12: =SUMIF('Helper Results'!D:D,B12,'Helper Results'!F:F) -> 24 | H12: {=_xlfn.LET(_xlpm.dates,IFERROR(_xlfn.UNIQUE(_xlfn._xlws.FILTER('Helper Results'!A:A,('Helper Results'!D:D=$B12)*('Helper Results'!A:A<>""))), ""),_xlpm.counts,IF(_xlpm.dates="", 0, COUNTIFS('Helper Results'!D:D, $B12, 'Helper Results'!A:A, _xlpm.dates, 'Helper Results'!E:E, "Win")),SUMPRODUCT(--(_xlpm.counts=3))+2*SUMPRODUCT(--(_xlpm.counts>=4)))} -> 1 | I12: =G12+H12 -> 25 | J12: =RANK(I12,$I$2:$I$31) -> 10
A13: 12 | B13: Own | C13: =COUNTIF('Helper Results'!D:D,B13) -> 12 | D13: =COUNTIFS('Helper Results'!D:D,B13,'Helper Results'!E:E,"Win") -> 5 | E13: =COUNTIFS('Helper Results'!D:D,B13,'Helper Results'!E:E,"Draw") -> 1 | F13: =COUNTIFS('Helper Results'!D:D,B13,'Helper Results'!E:E,"Loss") -> 6 | G13: =SUMIF('Helper Results'!D:D,B13,'Helper Results'!F:F) -> 23 | H13: {=_xlfn.LET(_xlpm.dates,IFERROR(_xlfn.UNIQUE(_xlfn._xlws.FILTER('Helper Results'!A:A,('Helper Results'!D:D=$B13)*('Helper Results'!A:A<>""))), ""),_xlpm.counts,IF(_xlpm.dates="", 0, COUNTIFS('Helper Results'!D:D, $B13, 'Helper Results'!A:A, _xlpm.dates, 'Helper Results'!E:E, "Win")),SUMPRODUCT(--(_xlpm.counts=3))+2*SUMPRODUCT(--(_xlpm.counts>=4)))} -> 1 | I13: =G13+H13 -> 24 | J13: =RANK(I13,$I$2:$I$31) -> 12
... A27: 26 | B27: Reza | C27: =COUNTIF('Helper Results'!D:D,B27) -> 2 | D27: =COUNTIFS('Helper Results'!D:D,B27,'Helper Results'!E:E,"Win") -> 0 | E27: =COUNTIFS('Helper Results'!D:D,B27,'Helper Results'!E:E,"Draw") -> 0 | F27: =COUNTIFS('Helper Results'!D:D,B27,'Helper Results'!E:E,"Loss") -> 2 | G27: =SUMIF('Helper Results'!D:D,B27,'Helper Results'!F:F) -> 2 | H27: {=_xlfn.LET(_xlpm.dates,IFERROR(_xlfn.UNIQUE(_xlfn._xlws.FILTER('Helper Results'!A:A,('Helper Results'!D:D=$B27)*('Helper Results'!A:A<>""))), ""),_xlpm.counts,IF(_xlpm.dates="", 0, COUNTIFS('Helper Results'!D:D, $B27, 'Helper Results'!A:A, _xlpm.dates, 'Helper Results'!E:E, "Win")),SUMPRODUCT(--(_xlpm.counts=3))+2*SUMPRODUCT(--(_xlpm.counts>=4)))} -> 0 | I27: =G27+H27 -> 2 | J27: =RANK(I27,$I$2:$I$31) -> 26
